{
	"credit": "Model by MicTePKotik",
	"textures": {
		"2": "block/crate",
		"particle": "block/crate"
	},
	"elements": [
		{
			"from": [1, 0, 1],
			"to": [15, 1, 15],
			"faces": {
				"north": {"uv": [0, 0, 3.5, 3.5], "texture": "#2"},
				"east": {"uv": [0, 3.5, 3.5, 7], "texture": "#2"},
				"south": {"uv": [3.5, 0, 7, 3.5], "texture": "#2"},
				"west": {"uv": [3.5, 3.5, 7, 7], "texture": "#2"},
				"up": {"uv": [3.5, 10.5, 0, 7], "texture": "#2"},
				"down": {"uv": [10.5, 0, 7, 3.5], "texture": "#2"}
			}
		},
		{
			"from": [14, 1, 1],
			"to": [15, 14, 15],
			"faces": {
				"north": {"uv": [0, 0, 3.5, 3.5], "texture": "#2"},
				"east": {"uv": [0, 3.5, 3.5, 7], "texture": "#2"},
				"south": {"uv": [3.5, 0, 7, 3.5], "texture": "#2"},
				"west": {"uv": [3.5, 3.5, 7, 7], "texture": "#2"},
				"up": {"uv": [3.5, 10.5, 0, 7], "texture": "#2"},
				"down": {"uv": [10.5, 0, 7, 3.5], "texture": "#2"}
			}
		},
		{
			"from": [1, 1, 14],
			"to": [15, 14, 15],
			"faces": {
				"north": {"uv": [0, 0, 3.5, 3.5], "texture": "#2"},
				"east": {"uv": [0, 3.5, 3.5, 7], "texture": "#2"},
				"south": {"uv": [3.5, 0, 7, 3.5], "texture": "#2"},
				"west": {"uv": [3.5, 3.5, 7, 7], "texture": "#2"},
				"up": {"uv": [3.5, 10.5, 0, 7], "texture": "#2"},
				"down": {"uv": [10.5, 0, 7, 3.5], "texture": "#2"}
			}
		},
		{
			"from": [1, 1, 1],
			"to": [2, 14, 15],
			"faces": {
				"north": {"uv": [0, 0, 3.5, 3.5], "texture": "#2"},
				"east": {"uv": [0, 3.5, 3.5, 7], "texture": "#2"},
				"south": {"uv": [3.5, 0, 7, 3.5], "texture": "#2"},
				"west": {"uv": [3.5, 3.5, 7, 7], "texture": "#2"},
				"up": {"uv": [3.5, 10.5, 0, 7], "texture": "#2"},
				"down": {"uv": [10.5, 0, 7, 3.5], "texture": "#2"}
			}
		},
		{
			"from": [1, 1, 1],
			"to": [15, 14, 2],
			"faces": {
				"north": {"uv": [0, 0, 3.5, 3.5], "texture": "#2"},
				"east": {"uv": [0, 3.5, 3.5, 7], "texture": "#2"},
				"south": {"uv": [3.5, 0, 7, 3.5], "texture": "#2"},
				"west": {"uv": [3.5, 3.5, 7, 7], "texture": "#2"},
				"up": {"uv": [3.5, 10.5, 0, 7], "texture": "#2"},
				"down": {"uv": [10.5, 0, 7, 3.5], "texture": "#2"}
			}
		},
		{
			"from": [1, 13, 1],
			"to": [15, 16, 15],
			"rotation": {"angle": 0, "axis": "x", "origin": [8, 14, 1]},
			"faces": {
				"north": {"uv": [0, 0, 3.5, 0.5], "texture": "#2"},
				"east": {"uv": [0, 0, 3.5, 0.5], "texture": "#2"},
				"south": {"uv": [0, 0, 3.5, 0.5], "texture": "#2"},
				"west": {"uv": [0, 0, 3.5, 0.5], "texture": "#2"},
				"up": {"uv": [0, 0, 3.5, 3.5], "texture": "#2"},
				"down": {"uv": [0, 0, 3.5, 3.5], "texture": "#2"}
			}
		},
		{
			"from": [1, 0, 0],
			"to": [2, 16, 1],
			"faces": {
				"north": {"uv": [9.5, 10, 9.75, 13.5], "texture": "#2"},
				"east": {"uv": [0.5, 10.5, 0.75, 14], "texture": "#2"},
				"south": {"uv": [0.75, 10.5, 1, 14], "texture": "#2"},
				"west": {"uv": [1, 10.5, 1.25, 14], "texture": "#2"},
				"up": {"uv": [13, 6.5, 12.75, 6.25], "texture": "#2"},
				"down": {"uv": [12.75, 12.75, 12.5, 13], "texture": "#2"}
			}
		},
		{
			"from": [14, 0, 0],
			"to": [16, 16, 1],
			"faces": {
				"north": {"uv": [7, 10, 7.5, 13.5], "texture": "#2"},
				"east": {"uv": [1.25, 10.5, 1.5, 14], "texture": "#2"},
				"south": {"uv": [7.5, 10, 8, 13.5], "texture": "#2"},
				"west": {"uv": [1.5, 10.5, 1.75, 14], "texture": "#2"},
				"up": {"uv": [12.75, 6.5, 12.25, 6.25], "texture": "#2"},
				"down": {"uv": [10.75, 12.5, 10.25, 12.75], "texture": "#2"}
			}
		},
		{
			"from": [15, 0, 1],
			"to": [16, 16, 2],
			"faces": {
				"north": {"uv": [1.75, 10.5, 2, 14], "texture": "#2"},
				"east": {"uv": [2, 10.5, 2.25, 14], "texture": "#2"},
				"south": {"uv": [2.25, 10.5, 2.5, 14], "texture": "#2"},
				"west": {"uv": [2.5, 10.5, 2.75, 14], "texture": "#2"},
				"up": {"uv": [13, 13, 12.75, 12.75], "texture": "#2"},
				"down": {"uv": [13.25, 3.75, 13, 4], "texture": "#2"}
			}
		},
		{
			"from": [15, 0, 14],
			"to": [16, 16, 16],
			"faces": {
				"north": {"uv": [2.75, 10.5, 3, 14], "texture": "#2"},
				"east": {"uv": [8, 10, 8.5, 13.5], "texture": "#2"},
				"south": {"uv": [3, 10.5, 3.25, 14], "texture": "#2"},
				"west": {"uv": [8.5, 10, 9, 13.5], "texture": "#2"},
				"up": {"uv": [10.25, 9, 10, 8.5], "texture": "#2"},
				"down": {"uv": [5.5, 12, 5.25, 12.5], "texture": "#2"}
			}
		},
		{
			"from": [14, 0, 15],
			"to": [15, 16, 16],
			"faces": {
				"north": {"uv": [3.25, 10.5, 3.5, 14], "texture": "#2"},
				"east": {"uv": [10.75, 10.5, 11, 14], "texture": "#2"},
				"south": {"uv": [11, 0, 11.25, 3.5], "texture": "#2"},
				"west": {"uv": [11, 10.5, 11.25, 14], "texture": "#2"},
				"up": {"uv": [13.25, 4.25, 13, 4], "texture": "#2"},
				"down": {"uv": [13.25, 4.25, 13, 4.5], "texture": "#2"}
			}
		},
		{
			"from": [2, 15, 15],
			"to": [14, 16, 16],
			"faces": {
				"north": {"uv": [12, 0, 15, 0.25], "texture": "#2"},
				"east": {"uv": [13, 4.5, 13.25, 4.75], "texture": "#2"},
				"south": {"uv": [12, 0.25, 15, 0.5], "texture": "#2"},
				"west": {"uv": [13, 4.75, 13.25, 5], "texture": "#2"},
				"up": {"uv": [15, 0.75, 12, 0.5], "texture": "#2"},
				"down": {"uv": [15, 0.75, 12, 1], "texture": "#2"}
			}
		},
		{
			"from": [2, 15, 0],
			"to": [14, 16, 1],
			"faces": {
				"north": {"uv": [12, 1, 15, 1.25], "texture": "#2"},
				"east": {"uv": [13, 5, 13.25, 5.25], "texture": "#2"},
				"south": {"uv": [12, 1.25, 15, 1.5], "texture": "#2"},
				"west": {"uv": [5.25, 13, 5.5, 13.25], "texture": "#2"},
				"up": {"uv": [15, 1.75, 12, 1.5], "texture": "#2"},
				"down": {"uv": [15, 1.75, 12, 2], "texture": "#2"}
			}
		},
		{
			"from": [2, 0, 0],
			"to": [14, 1, 1],
			"faces": {
				"north": {"uv": [12, 2, 15, 2.25], "texture": "#2"},
				"east": {"uv": [13, 5.25, 13.25, 5.5], "texture": "#2"},
				"south": {"uv": [12, 2.25, 15, 2.5], "texture": "#2"},
				"west": {"uv": [13, 5.5, 13.25, 5.75], "texture": "#2"},
				"up": {"uv": [15, 2.75, 12, 2.5], "texture": "#2"},
				"down": {"uv": [15, 2.75, 12, 3], "texture": "#2"}
			}
		},
		{
			"from": [15, 0, 2],
			"to": [16, 1, 14],
			"rotation": {"angle": 0, "axis": "y", "origin": [21, 0.5, 0.5]},
			"faces": {
				"north": {"uv": [13, 5.75, 13.25, 6], "texture": "#2"},
				"east": {"uv": [12, 3, 15, 3.25], "texture": "#2"},
				"south": {"uv": [13, 6, 13.25, 6.25], "texture": "#2"},
				"west": {"uv": [12, 3.25, 15, 3.5], "texture": "#2"},
				"up": {"uv": [3.75, 15, 3.5, 12], "texture": "#2"},
				"down": {"uv": [12.25, 3.5, 12, 6.5], "texture": "#2"}
			}
		},
		{
			"from": [15, 15, 2],
			"to": [16, 16, 14],
			"rotation": {"angle": 0, "axis": "y", "origin": [21, 0.5, 0.5]},
			"faces": {
				"north": {"uv": [13, 6.25, 13.25, 6.5], "texture": "#2"},
				"east": {"uv": [12, 6.5, 15, 6.75], "texture": "#2"},
				"south": {"uv": [13, 7, 13.25, 7.25], "texture": "#2"},
				"west": {"uv": [12, 6.75, 15, 7], "texture": "#2"},
				"up": {"uv": [4, 15, 3.75, 12], "texture": "#2"},
				"down": {"uv": [4.25, 12, 4, 15], "texture": "#2"}
			}
		},
		{
			"from": [0.1, 15, 2],
			"to": [1.1, 16, 14],
			"rotation": {"angle": 0, "axis": "y", "origin": [21, 0.5, 0.5]},
			"faces": {
				"north": {"uv": [13, 7.25, 13.25, 7.5], "texture": "#2"},
				"east": {"uv": [12, 10.5, 15, 10.75], "texture": "#2"},
				"south": {"uv": [13, 12.25, 13.25, 12.5], "texture": "#2"},
				"west": {"uv": [12, 10.75, 15, 11], "texture": "#2"},
				"up": {"uv": [4.5, 15, 4.25, 12], "texture": "#2"},
				"down": {"uv": [4.75, 12, 4.5, 15], "texture": "#2"}
			}
		},
		{
			"from": [0, 0, 2],
			"to": [1.1, 1, 14],
			"rotation": {"angle": 0, "axis": "y", "origin": [21, 0.5, 0.5]},
			"faces": {
				"north": {"uv": [12.5, 13, 12.75, 13.25], "texture": "#2"},
				"east": {"uv": [12, 11, 15, 11.25], "texture": "#2"},
				"south": {"uv": [13, 12.5, 13.25, 12.75], "texture": "#2"},
				"west": {"uv": [12, 11.25, 15, 11.5], "texture": "#2"},
				"up": {"uv": [5, 15, 4.75, 12], "texture": "#2"},
				"down": {"uv": [5.25, 12, 5, 15], "texture": "#2"}
			}
		},
		{
			"from": [2, 0, 15],
			"to": [14, 1, 16],
			"faces": {
				"north": {"uv": [12, 11.5, 15, 11.75], "texture": "#2"},
				"east": {"uv": [12.75, 13, 13, 13.25], "texture": "#2"},
				"south": {"uv": [12, 11.75, 15, 12], "texture": "#2"},
				"west": {"uv": [13, 12.75, 13.25, 13], "texture": "#2"},
				"up": {"uv": [15, 12.25, 12, 12], "texture": "#2"},
				"down": {"uv": [15.25, 3.5, 12.25, 3.75], "texture": "#2"}
			}
		},
		{
			"from": [0, 0, 15],
			"to": [2, 16, 16],
			"faces": {
				"north": {"uv": [9, 10, 9.5, 13.5], "texture": "#2"},
				"east": {"uv": [11.25, 0, 11.5, 3.5], "texture": "#2"},
				"south": {"uv": [10.25, 8.5, 10.75, 12], "texture": "#2"},
				"west": {"uv": [11.25, 10.5, 11.5, 14], "texture": "#2"},
				"up": {"uv": [13, 12.5, 12.5, 12.25], "texture": "#2"},
				"down": {"uv": [13, 12.5, 12.5, 12.75], "texture": "#2"}
			}
		},
		{
			"from": [0, 0, 0],
			"to": [1, 16, 2],
			"faces": {
				"north": {"uv": [11.5, 0, 11.75, 3.5], "texture": "#2"},
				"east": {"uv": [0, 10.5, 0.5, 14], "texture": "#2"},
				"south": {"uv": [11.5, 3.5, 11.75, 7], "texture": "#2"},
				"west": {"uv": [10.5, 0, 11, 3.5], "texture": "#2"},
				"up": {"uv": [5.5, 13, 5.25, 12.5], "texture": "#2"},
				"down": {"uv": [13, 3.75, 12.75, 4.25], "texture": "#2"}
			}
		},
		{
			"from": [0, 0, 14],
			"to": [1, 16, 15],
			"faces": {
				"north": {"uv": [11.5, 10.5, 11.75, 14], "texture": "#2"},
				"east": {"uv": [11.75, 0, 12, 3.5], "texture": "#2"},
				"south": {"uv": [11.75, 3.5, 12, 7], "texture": "#2"},
				"west": {"uv": [11.75, 10.5, 12, 14], "texture": "#2"},
				"up": {"uv": [13.25, 13.25, 13, 13], "texture": "#2"},
				"down": {"uv": [13.5, 3.75, 13.25, 4], "texture": "#2"}
			}
		},
		{
			"from": [14, 3.42843, 0.07157],
			"to": [16, 5.42843, 18.17157],
			"rotation": {"angle": -45, "axis": "x", "origin": [15, 4.82843, 5.17157]},
			"faces": {
				"north": {"uv": [10.25, 12, 10.75, 12.5], "texture": "#2"},
				"east": {"uv": [5.5, 9, 9.75, 9.5], "texture": "#2"},
				"south": {"uv": [12.25, 3.75, 12.75, 4.25], "texture": "#2"},
				"west": {"uv": [5.5, 9.5, 9.75, 10], "texture": "#2"},
				"up": {"uv": [10.25, 13.25, 9.75, 9], "texture": "#2"},
				"down": {"uv": [6, 10, 5.5, 14.25], "texture": "#2"}
			}
		},
		{
			"from": [14, 7.12843, -3.52843],
			"to": [16, 9.12843, 14.07157],
			"rotation": {"angle": 45, "axis": "x", "origin": [15, 4.82843, 5.17157]},
			"faces": {
				"north": {"uv": [12.25, 4.25, 12.75, 4.75], "texture": "#2"},
				"east": {"uv": [3.5, 7, 8, 7.5], "texture": "#2"},
				"south": {"uv": [12.25, 4.75, 12.75, 5.25], "texture": "#2"},
				"west": {"uv": [7, 3.5, 11.5, 4], "texture": "#2"},
				"up": {"uv": [4, 12, 3.5, 7.5], "texture": "#2"},
				"down": {"uv": [4.5, 7.5, 4, 12], "texture": "#2"}
			}
		},
		{
			"from": [0, 7.12843, -3.52843],
			"to": [2, 9.12843, 14.07157],
			"rotation": {"angle": 45, "axis": "x", "origin": [1, 4.82843, 5.17157]},
			"faces": {
				"north": {"uv": [12.25, 5.25, 12.75, 5.75], "texture": "#2"},
				"east": {"uv": [7, 4, 11.5, 4.5], "texture": "#2"},
				"south": {"uv": [12.25, 5.75, 12.75, 6.25], "texture": "#2"},
				"west": {"uv": [7, 4.5, 11.5, 5], "texture": "#2"},
				"up": {"uv": [5, 12, 4.5, 7.5], "texture": "#2"},
				"down": {"uv": [5.5, 7.5, 5, 12], "texture": "#2"}
			}
		},
		{
			"from": [0.1, 3.42843, 0.07157],
			"to": [2.1, 5.42843, 17.77157],
			"rotation": {"angle": -45, "axis": "x", "origin": [1, 4.82843, 5.17157]},
			"faces": {
				"north": {"uv": [12, 12.25, 12.5, 12.75], "texture": "#2"},
				"east": {"uv": [10, 7.5, 14.25, 8], "texture": "#2"},
				"south": {"uv": [12.5, 7, 13, 7.5], "texture": "#2"},
				"west": {"uv": [10, 8, 14.25, 8.5], "texture": "#2"},
				"up": {"uv": [6.5, 14.25, 6, 10], "texture": "#2"},
				"down": {"uv": [7, 10, 6.5, 14.25], "texture": "#2"}
			}
		},
		{
			"from": [2.7, 5, 0],
			"to": [20.8, 7, 1],
			"rotation": {"angle": 45, "axis": "z", "origin": [8.5, 2, 0.5]},
			"faces": {
				"north": {"uv": [7, 5, 11.5, 5.5], "texture": "#2"},
				"east": {"uv": [12.75, 4.25, 13, 4.75], "texture": "#2"},
				"south": {"uv": [7, 5.5, 11.5, 6], "texture": "#2"},
				"west": {"uv": [12.75, 4.75, 13, 5.25], "texture": "#2"},
				"up": {"uv": [15.25, 8.75, 10.75, 8.5], "texture": "#2"},
				"down": {"uv": [15.25, 8.75, 10.75, 9], "texture": "#2"}
			}
		},
		{
			"from": [-0.95104, 6.05581, 0],
			"to": [16.84896, 8.05581, 1],
			"rotation": {"angle": -45, "axis": "z", "origin": [7.89896, 7.05581, 0.5]},
			"faces": {
				"north": {"uv": [7, 6, 11.5, 6.5], "texture": "#2"},
				"east": {"uv": [12.75, 5.25, 13, 5.75], "texture": "#2"},
				"south": {"uv": [7, 6.5, 11.5, 7], "texture": "#2"},
				"west": {"uv": [12.75, 5.75, 13, 6.25], "texture": "#2"},
				"up": {"uv": [15.25, 9.25, 10.75, 9], "texture": "#2"},
				"down": {"uv": [15.25, 9.25, 10.75, 9.5], "texture": "#2"}
			}
		},
		{
			"from": [2.7, 5, 15],
			"to": [20.5, 7, 16],
			"rotation": {"angle": 45, "axis": "z", "origin": [8.5, 2, 15.5]},
			"faces": {
				"north": {"uv": [5.5, 7.5, 10, 8], "texture": "#2"},
				"east": {"uv": [10.25, 12.75, 10.5, 13.25], "texture": "#2"},
				"south": {"uv": [5.5, 8, 10, 8.5], "texture": "#2"},
				"west": {"uv": [10.5, 12.75, 10.75, 13.25], "texture": "#2"},
				"up": {"uv": [15.25, 9.75, 10.75, 9.5], "texture": "#2"},
				"down": {"uv": [15.25, 9.75, 10.75, 10], "texture": "#2"}
			}
		},
		{
			"from": [-1.25104, 6.05581, 15],
			"to": [16.84896, 8.05581, 16],
			"rotation": {"angle": -45, "axis": "z", "origin": [7.89896, 7.05581, 15.5]},
			"faces": {
				"north": {"uv": [8, 7, 12.5, 7.5], "texture": "#2"},
				"east": {"uv": [12, 12.75, 12.25, 13.25], "texture": "#2"},
				"south": {"uv": [5.5, 8.5, 10, 9], "texture": "#2"},
				"west": {"uv": [12.25, 12.75, 12.5, 13.25], "texture": "#2"},
				"up": {"uv": [15.25, 10.25, 10.75, 10], "texture": "#2"},
				"down": {"uv": [15.25, 10.25, 10.75, 10.5], "texture": "#2"}
			}
		}
	],
	"display": {
		"thirdperson_righthand": {
			"scale": [0.3, 0.3, 0.3]
		},
		"thirdperson_lefthand": {
			"scale": [0.3, 0.3, 0.3]
		},
		"firstperson_righthand": {
			"scale": [0.3, 0.3, 0.3]
		},
		"firstperson_lefthand": {
			"scale": [0.3, 0.3, 0.3]
		},
		"ground": {
			"scale": [0.3, 0.3, 0.3]
		},
		"gui": {
			"rotation": [40, 40, 0],
			"scale": [0.55, 0.55, 0.54]
		},
		"fixed": {
			"scale": [0.59, 0.59, 0.6]
		}
	},
	"groups": [
		{
			"name": "acacia_planks",
			"origin": [8, 8, 8],
			"color": 0,
			"children": [
				{
					"name": "decor",
					"origin": [8, 8, 8],
					"color": 0,
					"children": [0, 1, 2, 3, 4, 5, 6, 7, 8, 9, 10, 11, 12, 13, 14, 15, 16, 17, 18, 19, 20, 21, 22, 23, 24, 25, 26, 27, 28, 29]
				}
			]
		}
	]
}